Timestamp,RSRP,RSRQ,SINR,BLER,Throughput
2024-01-01 00:00:00,-92.51642923494384,-8.147644904936717,21.99677718293001,6.5567221523332755,39.87232587538428
2024-01-01 01:00:00,-95.69132150585592,-6.181166719059739,19.623168414563843,3.897628567342933,47.83221993926723
2024-01-01 02:00:00,-91.76155730949654,-12.797135147638283,15.29815184960087,3.363602233155386,38.11370118500058
2024-01-01 03:00:00,-87.38485071795988,-8.874061526618858,11.765316111472131,4.993251085178096,45.38057705541439
2024-01-01 04:00:00,-96.17076687361669,-11.301285138243653,18.491116568067948,4.659630754950143,21.595779995693213
2024-01-01 05:00:00,-96.1706847847459,-10.974250767529393,16.967426927108747,4.093543901345449,53.19940561059408
2024-01-01 06:00:00,-87.10393592246304,-11.184787848477738,19.475966100138663,6.392774894913431,50.01808213043336
2024-01-01 07:00:00,-91.16282635423545,-11.727981539359632,18.175859008409848,6.910610417141021,37.74367053397714
2024-01-01 08:00:00,-97.34737192967476,-9.902956744110346,20.247763576596675,5.176813772583695,59.88868502648607
2024-01-01 09:00:00,-92.28719978207018,-11.661900232822076,-7.3313431805773295,20.337468406236376,7.071650476835137
2024-01-01 10:00:00,-97.31708846406231,-9.459086348440323,21.586970328171628,2.71662177173299,25.886602034465387
2024-01-01 11:00:00,-97.32864876785129,-10.100476218898274,15.987998023461998,4.612681081440564,38.55912832150679
2024-01-01 12:00:00,-93.79018864216982,-10.47789609373282,25.376304363126327,3.5663553587943904,38.46286475319053
2024-01-01 13:00:00,-104.56640122328899,-11.815127324083196,11.55406090955216,1.26692676585388,35.90145348336703
2024-01-01 14:00:00,-103.62458916256516,-11.153542661136665,23.679819015826247,4.834638628314601,62.44212262897623
2024-01-01 15:00:00,-97.81143764620487,-8.489217548348488,15.98955391731324,4.756504983233433,47.09260791840795
2024-01-01 16:00:00,-100.06415560167211,-8.998165624751238,11.742909981927758,8.026899486484261,46.03227738034084
2024-01-01 17:00:00,-93.42876333702363,-11.955110489597102,12.580570829728392,6.2616233691095555,19.942064533898698
2024-01-01 18:00:00,-99.54012037760606,-9.80133538914155,13.3982634590284,2.95162635134159,59.5312704531384
2024-01-01 19:00:00,-102.06151850667646,-8.497225753256423,17.120829732009582,8.708185132668376,31.41112407719791
2024-01-01 20:00:00,-87.67175615539223,-13.338810562242744,17.6141774401775,7.442067391050706,50.89898945399492
2024-01-01 21:00:00,-96.12888150243268,-8.91327961524013,12.131499980307105,6.164195406937232,54.160654069372875
2024-01-01 22:00:00,-94.66235897656038,-11.325247517891693,14.878227038695085,4.547031802300336,70.40987893757976
2024-01-01 23:00:00,-102.12374093106729,-8.858802662813682,25.71135179305932,3.0811215265530407,30.36769401321332
2024-01-02 00:00:00,-97.72191362262592,-11.526518313085035,23.637715850503557,4.255586447857894,4.707317662687622
2024-01-02 01:00:00,-94.44538705145067,-13.609764201329039,17.18161834837016,7.177497239408372,52.75774317130542
2024-01-02 02:00:00,-100.75496788711152,-13.255084875766325,15.190017390841001,8.769172611869218,77.0076677226628
2024-01-02 03:00:00,-93.12150990827163,-9.903830106677235,15.600156633591306,8.086487056544378,68.58419529409156
2024-01-02 04:00:00,-98.00319344959402,-9.480554996557036,18.06758986365208,4.022301156427452,53.14489122911939
2024-01-02 05:00:00,-96.45846874896638,-11.808633250208818,9.886037174007972,2.7607651334219776,42.62545721551929
2024-01-02 06:00:00,-98.00853306114699,-8.722815082445251,13.713117312883274,5.281772493822408,62.10683894955966
2024-01-02 07:00:00,-85.73860907745531,-13.32304012453792,6.657079630612053,1.4631212688742967,35.39680700443297
2024-01-02 08:00:00,-95.06748612368968,-10.132159597294633,16.996115613026397,5.646335428369563,57.14536654034329
2024-01-02 09:00:00,-100.28855464477951,-12.422032399524912,-8.404426532160024,17.542194207009576,4.950685438537012
2024-01-02 10:00:00,-90.88727543948406,-11.303672215604319,12.58406768850313,4.067926996263515,65.90314861248319
2024-01-02 11:00:00,-101.10421824985511,-9.905202657367171,22.869933816450164,1.810593865466409,91.39490058366616
2024-01-02 12:00:00,-93.95568202497623,-11.720826730567905,8.871171684988294,6.027200213139433,55.88623950768151
2024-01-02 13:00:00,-104.79835061939887,-10.76911108845965,7.678125598950899,3.9345983206761774,42.36554561438752
2024-01-02 14:00:00,-101.64093024449215,-7.987414381571119,16.12225909279986,2.660166328579424,49.616385317120084
2024-01-02 15:00:00,-94.01569382065438,-11.153783739046297,20.235491513060772,0.7445244265632986,23.463861426663225
2024-01-02 16:00:00,-91.30766710002295,-8.328615775869716,23.419638457289345,4.9449701898987275,39.579303033664125
2024-01-02 17:00:00,-94.14315859405015,-12.259413709315236,12.7055786856553,8.544503193339487,43.86076342830344
2024-01-02 18:00:00,-95.5782414119412,-8.940391644169434,20.39340416715648,8.32251842909574,42.138674030981115
2024-01-02 19:00:00,-96.50551847794644,-7.116862758684199,14.807457652496463,4.0858074868274565,52.28532308050583
2024-01-02 20:00:00,-102.39260995183713,-14.943289000254579,14.136863500295902,3.7955758792764387,37.66370101426699
2024-01-02 21:00:00,-98.59922104197355,-11.593790510940954,19.41829968743336,5.937548512150047,66.81546000986707
2024-01-02 22:00:00,-97.30319385479893,-8.84585574563892,18.2616143920671,3.0032291216234173,50.00310597377295
2024-01-02 23:00:00,-89.71438886890542,-10.406090772085985,7.118039215078753,5.6035837996389315,49.860495182920786
2024-01-03 00:00:00,-93.28190855215769,-9.257708253257382,22.38270174862948,6.53216055676938,45.081579252306234
2024-01-03 01:00:00,-103.81520077681367,-11.20797037343164,21.900456770737257,7.453866447768615,52.32786025788469
2024-01-03 02:00:00,-93.37958015302603,-9.8268204250542,11.872186492452354,4.799691847040094,62.37647397001452
2024-01-03 03:00:00,-96.92541140208158,-10.31135447078416,16.979017667187044,4.592652499646068,36.9930467643365
2024-01-03 04:00:00,-98.3846100015298,-7.664435876680385,-3.2376333139159867,13.542371991158994,5.273643659342587
2024-01-03 05:00:00,-91.94161855579566,-9.491158313397573,16.303368829119535,3.3462392919202797,45.44410956835003
2024-01-03 06:00:00,-89.84500238752024,-9.324794675849596,12.2484742307729,4.547042216196947,29.811936147901775
2024-01-03 07:00:00,-90.34359940441901,-10.823753932244935,11.641883160309742,5.734731013632356,37.71113210417754
2024-01-03 08:00:00,-99.19608761611319,-10.975212448144987,14.872229645042774,6.827169252466499,42.85668689683011
2024-01-03 09:00:00,-96.54606187925607,-10.865116375639241,-5.30020844317101,16.424759085166873,8.405392976695872
2024-01-03 10:00:00,-93.34368284298218,-9.211095715243406,17.71800077297216,7.985377137919043,53.938419935028875
2024-01-03 11:00:00,-90.1222743643882,-10.841968961640525,13.14692833956947,4.457752797914862,52.90384867051316
2024-01-03 12:00:00,-97.39587118922645,-9.420450286207174,18.858493553241722,4.957265411303128,62.763469432519585
2024-01-03 13:00:00,-95.92829488331908,-5.849198402709122,0.7572868968496227,3.5055766417043532,47.93942317400905
2024-01-03 14:00:00,-100.53167487003014,-8.257750593136615,20.743828501860516,0.1515194794541168,55.856972748933345
2024-01-03 15:00:00,-100.98103312040335,-10.652047064335683,6.3014311061095025,6.7680907927220995,48.451673706012556
2024-01-03 16:00:00,-90.93737088802901,-7.59757215567211,13.187795292984339,6.473687794184867,53.980435240994424
2024-01-03 17:00:00,-88.21879985714588,-10.816150746043103,9.40165052686928,4.437344885763573,41.25862013582627
2024-01-03 18:00:00,-95.36005060790167,-14.076249070355708,8.526592621395471,5.133981434449744,13.417742625853563
2024-01-03 19:00:00,-89.98233551053988,-12.016172621834809,20.804133936892597,6.031878435408199,47.985812567205436
2024-01-03 20:00:00,-93.19181987476183,-13.74158384205171,12.661493993440544,1.8749082862269146,71.3412220414991
2024-01-03 21:00:00,-98.22559877302562,-10.703026968082618,16.73251940865358,3.9418946453074106,63.893231033623884
2024-01-03 22:00:00,-93.19302197245793,-9.963163241620897,14.76539710560408,6.588529359243655,64.48096226886756
2024-01-03 23:00:00,-87.30981716767016,-6.647125375449434,17.385204136115608,2.491421153661501,68.54196082709326
2024-01-04 00:00:00,-95.17913019554976,-9.346145252471675,15.384109455301276,5.587115864333258,51.32986386442156
2024-01-04 01:00:00,-87.17678172092997,-10.438201057617729,8.585038879057151,2.28683639075319,52.959735611083936
2024-01-04 02:00:00,-108.09872552044872,-8.341188837633021,19.9813340972357,5.932859964867053,40.73522156848475
2024-01-04 03:00:00,-90.89048747812389,-14.42227061801577,12.531217084193438,4.9287170354050325,45.25890715959425
2024-01-04 04:00:00,-94.56476465880914,-9.528770883782869,7.217090506701245,1.769736368188981,59.23656724656712
2024-01-04 05:00:00,-96.49503675232934,-8.458269612226067,-3.4372755552749794,15.01975106999113,3.9476752929050214
2024-01-04 06:00:00,-94.54119611732249,-12.957172491559684,22.503798953171554,3.5308168464039014,47.90830586478501
2024-01-04 07:00:00,-104.93784457300447,-7.712491913586142,19.251108710567465,3.3794951259712382,43.24716102722883
2024-01-04 08:00:00,-96.09835943918756,-9.323007185011171,13.256739327960704,5.401138394461886,50.00791938284896
2024-01-04 09:00:00,-93.21443714244127,-10.830575827801603,13.253711478407856,7.29727469885743,59.01810123393672
2024-01-04 10:00:00,-87.61052977629242,-8.73443626778743,13.391824743913087,2.968356362043206,28.342177757996872
2024-01-04 11:00:00,-97.59135109136824,-5.458614284391208,25.383739917804206,5.123359699695944,15.557285702941428
2024-01-04 12:00:00,-99.04246801446594,-9.636267489883009,16.909677261157768,5.857633000661146,41.74194725762625
2024-01-04 13:00:00,-97.50878521792268,-9.503558827399328,17.150208235955347,6.386211214526288,31.68931361128762
2024-01-04 14:00:00,-90.42298941148962,-10.918721799080489,20.15141727015921,5.35288311055445,42.37789703529034
2024-01-04 15:00:00,-93.35624445170157,-11.699688738929584,16.193945795132567,4.265944321833356,47.78329521773793
2024-01-04 16:00:00,-97.6488010188352,-8.33932836691151,13.704789270896484,3.344819558702561,43.2012738646548
2024-01-04 17:00:00,-92.43366283443322,-11.712167651817735,14.018250754575108,5.172287766092749,71.78701301706118
2024-01-04 18:00:00,-94.5146122532598,-9.856867525561215,14.64199370292968,2.855721976028786,54.9011714690348
2024-01-04 19:00:00,-90.15677504733556,-10.955314893530232,14.813888817450792,0.8427009669892147,54.507115394162426
2024-01-04 20:00:00,-98.51026546938677,-9.042040348507216,18.6381477181849,5.873119608315336,59.333107160651025
2024-01-04 21:00:00,-96.63831073298884,-9.332675789426103,15.259729429036497,6.807869682172391,32.917503233288464
2024-01-04 22:00:00,-96.9605407656608,-7.924920111484202,18.663200386077897,0.2741351289163232,65.58667681130403
2024-01-04 23:00:00,-102.31757474066059,-11.020032797709494,14.596417099457089,2.980538590580125,48.863535701968104
2024-01-05 00:00:00,-93.51939861467712,-10.539749870586743,15.393175951580453,6.238308522010396,60.05720925861819
2024-01-05 01:00:00,-93.69472363910056,-11.957527431564614,5.008996577339461,9.114990939423397,33.92214150439767
2024-01-05 02:00:00,-94.97443271678769,-10.888586520152224,19.58163837351241,5.041587415350816,26.693618509759034
2024-01-05 03:00:00,-96.17293566687573,-9.245399013910296,16.732442379489964,3.543994117541731,62.26834487037543
2024-01-05 04:00:00,-102.07685371025207,-8.486022766709297,19.99005054929826,4.63420711779032,55.64614289146275
2024-01-05 05:00:00,-97.10322661382679,-11.844330648355252,0.5187231090315532,7.74975283829637,36.46922668463735
2024-01-05 06:00:00,-96.71357258263384,-8.26078815978868,25.441873523903638,3.708071641750929,36.95505378087958
2024-01-05 07:00:00,-99.0113863461081,-7.288724282390098,14.30205185922413,3.401615986699493,66.88152176622154
2024-01-05 08:00:00,-95.80642855833004,-9.173130193552598,-5.7630482783831445,13.833655868515617,8.282319078183146
2024-01-05 09:00:00,-92.97974571592731,-6.246408374883869,9.800470364372345,3.0933427834825755,74.64009429883944
2024-01-05 10:00:00,-85.56907049394735,-11.547578398207147,18.06386952531285,5.245340631989591,36.49068898028197
2024-01-05 11:00:00,-94.1271109358408,-12.489309406622834,9.73292218413172,8.24935691693912,59.57587888412574
2024-01-05 12:00:00,-93.71224804638618,-13.557440497808557,11.881155196520975,5.6461585462320585,45.07072286376523
2024-01-05 13:00:00,-95.37222957883084,-7.0079113770216335,24.57015676933393,4.495292995747425,59.047811466235146
2024-01-05 14:00:00,-104.5938560764952,-8.691268687291885,14.046587996183266,4.416377462168912,41.838289968287114
2024-01-05 15:00:00,-95.13256937724609,-10.11116934182091,16.087164365898616,1.873618382606686,47.558106408915584
2024-01-05 16:00:00,-94.69884895029487,-9.44006274736036,19.35033865344377,6.766219554294318,50.61378763093582
2024-01-05 17:00:00,-82.68378943757357,-12.250978094596753,17.47840943986302,4.8443256059743955,34.96718816327791
2024-01-05 18:00:00,-95.96180482390561,-5.108496040766347,15.752094525717883,4.639040172818749,61.11236518130189
2024-01-05 19:00:00,-93.49226328833194,-9.741557636049546,16.824805012331126,11.38621513568972,42.30179650292622
2024-01-05 20:00:00,-95.17355884852621,-9.781210410790214,27.017077926191376,5.597505816731372,46.571001269899725
2024-01-05 21:00:00,-100.84339018809766,-8.548466752202616,14.711906014832072,3.4964178998096314,35.08475938087231
2024-01-05 22:00:00,-89.2858859274249,-9.037981536526573,16.005495233574837,4.147284807588913,11.564995118070343
2024-01-05 23:00:00,-91.24033483656613,-9.552231951441737,20.25327198003806,7.29689141839351,47.13458356099746
2024-01-06 00:00:00,-91.04484026478477,-11.580948910890625,20.52762966478992,5.226540821075529,86.18923132419374
2024-01-06 01:00:00,-99.5469372739737,-9.057063285728008,20.9351515278019,2.1234440433652666,61.769064318470356
2024-01-06 02:00:00,-87.9860284453195,-6.235951007049932,18.19365111014592,6.838457869150407,49.71109430398408
2024-01-06 03:00:00,-102.0092553139614,-7.309159907690045,9.284975436347583,3.663711828922012,46.05663756187599
2024-01-06 04:00:00,-92.06571453099865,-6.813626746721206,23.167157661505478,8.74659555243509,50.33698839218069
2024-01-06 05:00:00,-84.04772187095011,-11.02243135286237,9.26827303490656,7.160096131429297,58.20678672762815
2024-01-06 06:00:00,-99.95268162565344,-11.979209640517162,16.513177326195166,4.1053562086824975,32.28780777036732
2024-01-06 07:00:00,-97.83148864801386,-10.251573840199296,11.228620749903211,7.562032723470226,66.71482542003308
2024-01-06 08:00:00,-94.5017431745618,-9.88855017542261,14.679308267035037,5.1357110210548065,60.73071973161866
2024-01-06 09:00:00,-97.51737827058099,-7.811616963058103,16.6438120515174,6.705547350244439,60.772785885619015
2024-01-06 10:00:00,-102.75331715533066,-13.384929259429638,16.606786077251364,5.96946563458895,56.57713608214591
2024-01-06 11:00:00,-94.65718512596986,-6.940899361078772,17.109603771176424,3.3072866900182527,50.294249865409846
2024-01-06 12:00:00,-100.31151856863052,-10.316015797157979,23.068556345293235,3.712900335365076,60.0929185395023
2024-01-06 13:00:00,-92.63203784682409,-10.85376213989484,17.2676715075699,7.059921635162322,58.87721200612067
2024-01-06 14:00:00,-99.59712117116902,-12.024208750520335,13.779216823546756,4.330449335786918,44.68938933588464
2024-01-06 15:00:00,-87.2503279749123,-13.309713343731538,19.820435841441785,4.1927030735160065,41.39597340654649
2024-01-06 16:00:00,-98.91626646168119,-8.35365883207617,20.947352444623203,3.089754841301294,51.527844428929804
2024-01-06 17:00:00,-96.61030758102838,-9.853364065623193,8.861960924315039,5.847198131186922,73.23530227242782
2024-01-06 18:00:00,-90.93241391315165,-12.579921799482108,17.98700034924929,9.12504983848629,31.413393865191487
2024-01-06 19:00:00,-101.15432158216977,-12.590157544127232,18.50586371155449,2.8649341714914542,27.9871210137134
2024-01-06 20:00:00,-93.86270032697935,-10.671569398580257,13.512182483200041,5.0484389133455165,52.47141261854775
2024-01-06 21:00:00,-88.46428622858787,-6.661956949421214,21.878534066558096,7.8244411108308585,50.76331552784027
2024-01-06 22:00:00,-103.03741617280613,-10.51918270272721,14.249722064837366,4.84071721750857,52.60012496555612
2024-01-06 23:00:00,-94.07683070733847,-13.006285906236212,15.62788226735771,5.904743592499468,53.659297968627506
2024-01-07 00:00:00,-93.70058602875788,-10.49148612817189,14.134640878580653,2.8752129437062406,46.65196618047792
2024-01-07 01:00:00,-91.09088564111345,-10.54544713949534,15.077895237907338,5.856614194415297,72.34795157903123
2024-01-07 02:00:00,-101.18475355439041,-15.393773285883142,9.518624565523991,4.625711469990902,25.986440322852268
2024-01-07 03:00:00,-101.60228306542137,-10.108589733035624,-5.760483111860406,21.454264000883537,2.6312796553759545
2024-01-07 04:00:00,-92.39029217191552,-10.461869060417357,22.97252531612486,7.374772103129502,48.45117859776429
2024-01-07 05:00:00,-93.51507663383407,-8.607587270373163,10.765193258408361,10.179127284037229,25.352167832687492
2024-01-07 06:00:00,-93.74753574827062,-6.30208781010931,10.043038252718464,6.1592663464271515,47.362183933518935
2024-01-07 07:00:00,-93.26775895251512,-7.746869940904485,4.233049431981426,5.6515926331643325,74.92205248592028
2024-01-07 08:00:00,-98.40012360789245,-10.537777381109661,11.805191261552489,5.388768603154672,50.313297324439425
2024-01-07 09:00:00,-93.83873151419498,-12.21305181748334,8.38455103296251,4.293667414378623,53.460513585780255
2024-01-07 10:00:00,-93.53463763350659,-4.853280393500279,23.210075800681846,5.6769676869233825,31.097528522411295
2024-01-07 11:00:00,-98.57175709013184,-9.881563131971024,20.04908544671317,4.409197179721941,40.75457887940784
2024-01-07 12:00:00,-85.67112744427622,-9.972141416174107,11.559248274111381,5.336921952539228,44.37205429514094
2024-01-07 13:00:00,-92.63083539544107,-10.048250174220007,26.262179026721544,7.63519507121592,45.23427354865649
2024-01-07 14:00:00,-100.95651748601324,-9.60383047846429,19.90882743495797,2.9869148694407177,69.22465692505654
2024-01-07 15:00:00,-91.71723195683086,-10.288720823847886,13.375843082456887,7.279757122258091,58.36536591087687
2024-01-07 16:00:00,-99.8734083511366,-11.147324013760473,2.5029714256321345,7.634230134679731,33.32813064594452
2024-01-07 17:00:00,-91.06457698128774,-11.093717882480785,26.45471286295371,4.763862946017842,53.697571676480074
2024-01-07 18:00:00,-89.20702210496297,-10.065506540431997,8.05213766618202,0.7562902019828108,57.47332622745178
2024-01-07 19:00:00,-99.10341159175856,-11.08684954226753,6.773006265215541,3.7843560258111353,67.102235577819
2024-01-07 20:00:00,-90.1831193537784,-11.42569156535433,20.112852160048202,7.593989093122218,73.70811029852561
2024-01-07 21:00:00,-92.93609536531751,-9.787139544616206,27.198762031696365,4.954263875402236,34.77358712258197
2024-01-07 22:00:00,-90.88969920002755,-10.50995443484171,21.92136409255259,3.0013955354101785,37.83713733184493
2024-01-07 23:00:00,-85.51603508673026,-6.992014022834622,17.819545600261797,3.990450157543565,31.136332116280755
2024-01-08 00:00:00,-96.22694058001436,-15.301939616786024,17.97377170832643,6.681240053009106,46.48970211339528
2024-01-08 01:00:00,-98.76868082178744,-7.8169862961550765,19.26707779390154,6.093467136402759,56.995375616695014
2024-01-08 02:00:00,-99.44757214812762,-7.507829615004741,18.794642948933827,4.522135801660611,64.81001774883653
2024-01-08 03:00:00,-99.07905142482718,-14.146780464816299,16.405957119846878,4.266351176370625,48.86073464536216
2024-01-08 04:00:00,-95.38550854707051,-10.685375188160698,15.521005519759381,4.216483701912356,45.202287151177345
2024-01-08 05:00:00,-93.29424012591679,-10.742881731991583,14.687034360502388,3.155179631002995,52.27636988373111
2024-01-08 06:00:00,-93.61654600334991,-12.815023389435643,11.23017705566662,8.230751378938884,37.472856475549655
2024-01-08 07:00:00,-90.86408375481989,-11.55563337518175,13.59662461566613,4.35535906157732,81.3430808254216
2024-01-08 08:00:00,-94.93499054061047,-12.221151690931658,6.535215929023073,7.434317041650993,25.88508459322912
2024-01-08 09:00:00,-87.73232961421341,-6.495459113152755,14.508301866026251,8.042632103844902,52.77110868343587
2024-01-08 10:00:00,-96.32328416618978,-8.128643213705077,10.057044464245413,6.996621796295921,80.35409328844459
2024-01-08 11:00:00,-81.3991541670519,-7.456889810011683,9.482053413921145,4.136759374563903,50.10199766839997
2024-01-08 12:00:00,-91.87166326117497,-8.556655871913529,15.899470755767393,5.807460180673219,47.14941447497758
2024-01-08 13:00:00,-99.28578778208141,-12.258103542434458,21.960011431722997,4.951608787218167,44.63831865784359
2024-01-08 14:00:00,-100.35446249030556,-11.049040532559548,19.591583030011563,3.1925962785397437,47.29412477356388
2024-01-08 15:00:00,-92.58763792378407,-9.021250877544164,7.147496981884115,5.6487185634432056,70.59272712014796
2024-01-08 16:00:00,-96.11731392662925,-12.444255617783892,10.051859317148313,2.641920417680395,16.822071330057398
2024-01-08 17:00:00,-91.42999752953953,-8.574003139655224,19.70385593994108,7.375358776923127,73.00150551944489
2024-01-08 18:00:00,-92.63381187713227,-10.48065079631627,10.087563032308452,4.070765405403214,28.640642713247825
2024-01-08 19:00:00,-95.36414456328437,-10.749641615099195,-7.852757844562816,18.249907727044295,7.10886330994652
2024-01-08 20:00:00,-99.23396859034203,-8.578080063593017,17.75026049512276,5.566575743092284,43.56133369552008
2024-01-08 21:00:00,-102.57423612342933,-9.11147337702792,10.158277725681824,4.482190052591846,58.828299046560794
2024-01-08 22:00:00,-97.23257476033511,-10.72193233163816,15.526877530729799,6.17338760295055,26.028134721743786
2024-01-08 23:00:00,-90.71800602838263,-7.681340393271504,8.329872525408977,4.050192686754951,56.93258999122914
2024-01-09 00:00:00,-93.92953127934898,-12.162126655199796,11.99316178024393,6.742594594914488,80.36464434930278
2024-01-09 01:00:00,-101.22869389355994,-8.768128786111472,16.598909670712686,2.308040639506503,29.552389931107843
2024-01-09 02:00:00,-94.13409537074409,-8.813797484063233,7.035031332341654,5.2527591590928235,52.84559251415593
2024-01-09 03:00:00,-93.07341310135581,-10.619092878627981,17.202373689801995,8.87785799811657,40.070267333050865
2024-01-09 04:00:00,-99.41928718100567,-9.347733955515764,-6.5223727696289515,33.42337119032037,6.083684178672635
2024-01-09 05:00:00,-94.23137447027236,-12.502227152770606,17.762449772085738,3.644510058950297,50.28721666123628
2024-01-09 06:00:00,-94.70895640777,-8.151945961586199,16.119570670323306,6.02781569931783,40.37769636433536
2024-01-09 07:00:00,-100.71485148915312,-10.369804272885979,21.82070214986922,5.359163563879196,57.31808427306611
2024-01-09 08:00:00,-93.21106319825859,-11.04544604103808,15.626122513239537,5.701260198547119,77.06522164680115
2024-01-09 09:00:00,-92.19607736815883,-7.901981548326221,-4.435625185139146,17.848072618014918,-1.6495114398221924
2024-01-09 10:00:00,-89.58474378412362,-11.40868738108552,-7.2771347460992395,24.31895912284831,4.171757664108909
2024-01-09 11:00:00,-89.73098973982549,-12.816922592727119,17.71649014518194,7.219399683912446,30.600905631932545
2024-01-09 12:00:00,-101.88834683978546,-13.113258347047807,15.244300351628521,5.819637313857025,35.65345434772987
2024-01-09 13:00:00,-99.68912519957561,-8.78798009730872,15.202958456019411,4.517484690762915,57.08609416820566
2024-01-09 14:00:00,-92.4248236639567,-12.560858704992565,11.490041560966223,6.345147402405463,72.26174042803947
2024-01-09 15:00:00,-92.43107024543896,-6.49041163603127,-5.925631372679022,21.724725007731426,1.2284661624915159
2024-01-09 16:00:00,-92.42476156846976,-14.163858815767444,7.986973641001533,4.7347325072348525,45.30412954215269
2024-01-09 17:00:00,-75.73634254672639,-6.607087263419924,-6.225389291755217,21.309751746706567,4.2123962631129865
2024-01-09 18:00:00,-92.14554744653417,-9.577965065594762,8.780683823043574,7.214161338573946,31.243883990454236
2024-01-09 19:00:00,-89.322171799097,-10.193426223740785,11.535474011020463,4.759237672092803,59.0677298953305
2024-01-09 20:00:00,-90.229991182534,-11.089838173617899,11.407963672154013,0.6546609079719277,63.234995934851135
2024-01-09 21:00:00,-91.743043743471,-9.201727771295857,19.474621884722207,6.694843354300843,43.218645007503795
2024-01-09 22:00:00,-96.57634622320172,-10.075269404849697,13.525251608539861,3.9293436280921545,42.94936778360748
2024-01-09 23:00:00,-91.20515389753366,-7.7933962359669575,21.238710363368668,4.818933435391679,53.98817344478073
2024-01-10 00:00:00,-98.86412607268785,-9.771544702675921,11.632546878780659,5.663960661138029,43.44920395939107
2024-01-10 01:00:00,-96.18409303370004,-9.699396477076245,16.39497081111901,5.380999359558133,49.008010780612665
2024-01-10 02:00:00,-97.42681773914552,-10.727224424427712,10.823264733701214,6.418903634278079,81.49582683749773
2024-01-10 03:00:00,-94.59062930306838,-10.113891247442135,25.72574563886694,4.129027258860313,46.29461448881005
2024-01-10 04:00:00,-83.42670716663245,-9.384396462215882,9.062007904852436,6.026211596352166,44.62489771968167
2024-01-10 05:00:00,-104.33632596295874,-13.420336785313252,16.549103551135136,4.4809066448321655,40.286872915472614
2024-01-10 06:00:00,-91.56869904812743,-12.696370844211426,18.168884404660492,6.477620961775006,61.16287957249905
2024-01-10 07:00:00,-103.06357935594826,-8.51347181195457,17.068995487257492,6.230734968026107,47.28163740172845
2024-01-10 08:00:00,-97.35965932894717,-9.658269123744116,14.073561705611459,3.1291225959108093,40.25940442517861
2024-01-10 09:00:00,-89.55524701516318,-10.367966672705359,-4.963916702731802,22.22543235676701,4.453755295186176
2024-01-10 10:00:00,-94.67859990452268,-9.963132133869214,15.219057359895547,3.928073109771904,71.29404506770456
2024-01-10 11:00:00,-100.38872388964653,-9.304836589276658,14.264989991857558,6.61611559656229,40.99364651391942
2024-01-10 12:00:00,-98.57651854629984,-11.079519360618724,19.819395583974547,5.734574626802681,22.001900729590755
2024-01-10 13:00:00,-91.60201125532662,-11.556609450804626,-7.126035983153994,19.045793406783247,4.151102593715037
2024-01-10 14:00:00,-98.65183315858569,-9.608309489804636,12.212541074960832,4.553068035256295,39.73055261359994
2024-01-10 15:00:00,-93.91770705209012,-11.956745555230064,8.150985102104611,4.301366407763605,61.85938398744153
2024-01-10 16:00:00,-94.77214080048093,-9.183494488571057,14.558589758243725,4.961160788224535,20.448442734322466
2024-01-10 17:00:00,-98.25800173802908,-13.405167208475682,27.898546688271594,4.3936404343314495,63.38896007448964
2024-01-10 18:00:00,-84.28027955337338,-7.941688725348713,10.981627160151346,6.5998838038841,31.83242106078828
2024-01-10 19:00:00,-91.83040488840994,-9.054805035173914,23.195584027220338,1.7673787831268242,60.96146178599787
2024-01-10 20:00:00,-105.12571293328804,-9.48794053137225,23.388504070382204,2.892635161707292,50.21409601754651
2024-01-10 21:00:00,-94.06772842615287,-8.034618032108972,12.232058791460027,2.864394156841614,35.690908709050326
2024-01-10 22:00:00,-98.30893232384194,-6.669051111074847,17.844915395926378,6.900615183947151,43.894455306098294
2024-01-10 23:00:00,-90.73783332601889,-7.971259869963739,23.141983115642688,8.42122674516385,60.294776854350516
2024-01-11 00:00:00,-98.9626036921635,-13.68174846266329,13.104361295062564,4.791101562925057,51.58841679672852
2024-01-11 01:00:00,-95.5736822073345,-12.559153933471404,13.982098199488192,4.662356553619979,58.766194707087266
2024-01-11 02:00:00,-92.47506360509772,-11.249637155391358,12.091595430256781,5.140104326226362,79.64660876773229
2024-01-11 03:00:00,-90.67122402914939,-9.947817899578332,9.926216346535666,7.323756605216381,26.53637582433423
2024-01-11 04:00:00,-101.00148203527888,-8.964681959061753,11.753612274669965,3.145293731618852,74.25818862452937
2024-01-11 05:00:00,-96.67250617920475,-11.451487626306932,8.880298666188718,5.47673796546957,51.565339062848196
2024-01-11 06:00:00,-97.37472655580478,-9.626466471045843,15.17041734129613,6.95039525956486,36.51823927515308
2024-01-11 07:00:00,-98.26664616286855,-11.510765864706645,11.15013384470679,6.002188339879691,30.04529561391515
2024-01-11 08:00:00,-86.17272879859452,-11.223035605983897,16.16892955895374,5.379163233197486,47.163194138344494
2024-01-11 09:00:00,-92.97509144519522,-12.813322193696445,7.220521768981864,7.002092185134282,63.82475167886689
2024-01-11 10:00:00,-101.30441977167523,-11.846466492221808,16.654401161072286,0.40646458599847435,48.08676319433699
2024-01-11 11:00:00,-90.41069026472611,-12.703369211232667,19.167644808044624,6.3557506390618155,72.66732395371021
2024-01-11 12:00:00,-84.38921901493683,-11.951746505954665,5.031321787142723,3.6918486337451526,28.232364649226618
2024-01-11 13:00:00,-89.83767369724427,-7.892716406784321,16.87028284923786,1.3387342062870862,49.81866578230918
2024-01-11 14:00:00,-102.59684982977006,-11.898797777663885,21.13834496236646,6.022405199049961,31.214098333803214
2024-01-11 15:00:00,-97.42117036433126,-4.735235870325218,8.951794906543974,7.747317090325915,55.45447823937452
2024-01-11 16:00:00,-88.66544425406688,-9.013364198238222,23.362861934188516,4.725102970744616,63.30331085145951
2024-01-11 17:00:00,-98.5383473280939,-9.630327752610253,17.095095046830227,6.905749094405878,43.6885730947842
2024-01-11 18:00:00,-92.78090285926886,-11.716715560362427,11.474940721207956,8.22455651597729,10.936792150592986
2024-01-11 19:00:00,-91.12682973285331,-8.599380241182017,-2.8962098854687914,13.724461253716822,2.628278905739594
2024-01-11 20:00:00,-99.63465235789042,-11.151275652475547,17.79163456260861,8.279929058742786,56.55107827600264
2024-01-11 21:00:00,-95.297626780309,-9.755980370709278,15.380026957062057,6.484254982143785,56.06442132442547
2024-01-11 22:00:00,-111.20633670034536,-4.879830923462411,17.693779962231847,5.150867277803186,68.53673287733231
2024-01-11 23:00:00,-100.12193820667144,-10.1921197994493,10.396632034603169,1.796068376205663,33.93419480526427
2024-01-12 00:00:00,-96.2628407569658,-7.701453347428648,15.84680412018039,4.507875023740103,60.20324158175674
2024-01-12 01:00:00,-101.23891590982424,-11.406352850251775,7.931427515475099,3.3135068093676168,67.88761268716962
2024-01-12 02:00:00,-86.83794348034182,-10.069976980993923,14.443869693256499,9.341885434995628,23.321186239902246
2024-01-12 03:00:00,-102.15070688980316,-6.45839872872898,10.480461792676051,4.648228375135327,54.79477738878466
2024-01-12 04:00:00,-97.20022243348492,-11.253934115575534,11.322350287051167,5.2464096135689715,42.43730253488493
2024-01-12 05:00:00,-94.34629711356955,-6.375102884006143,21.18046587605219,6.102970752080935,48.77715990347531
2024-01-12 06:00:00,-87.79363355466943,-8.584496129089048,20.456550602971344,5.087204892744907,55.215147253075045
2024-01-12 07:00:00,-102.17931075589719,-11.124933551788535,18.045690604535885,8.390102080861507,42.691571538296714
2024-01-12 08:00:00,-89.1841812392252,-8.735184521888957,9.538436176637106,3.754701276531096,39.86437881257582
2024-01-12 09:00:00,-94.94883469490206,-8.05489110074654,13.417957751525991,5.389214910474485,50.512286262320366
2024-01-12 10:00:00,-99.90754325523976,-8.756380075565607,21.065488499895917,3.5150588286039035,33.69131091705796
2024-01-12 11:00:00,-92.68948262868365,-13.140449439780912,15.708584568199523,2.3599549775585884,33.712623066722216
2024-01-12 12:00:00,-94.00470152213265,-11.454274351649737,26.596647699908473,3.7764618181894294,60.19059924434755
2024-01-12 13:00:00,-98.00108438579397,-10.49503727110301,16.96658919697186,4.9259264059031755,32.76808947262016
2024-01-12 14:00:00,-94.6509895750499,-10.148866858200092,15.960245582450158,4.1413955509654805,59.994687513638176
2024-01-12 15:00:00,-96.9265679843088,-8.758655804898645,13.454417678987493,3.615158040252288,56.938869392809266
2024-01-12 16:00:00,-94.43241327374376,-9.644597998133492,15.66770452391141,2.1873650726563323,24.11289906814105
2024-01-12 17:00:00,-91.68934662739477,-12.670688717420202,14.237650818097281,4.83378885474261,39.83653021496517
2024-01-12 18:00:00,-87.06991591927324,-9.239604297988073,18.54054338344295,1.9905592519379955,67.91164104571058
2024-01-12 19:00:00,-101.18907749413424,-8.778828509432353,19.78351158397292,6.520111927379205,35.28251703290478
2024-01-12 20:00:00,-84.33483312671866,-8.880419104137921,11.070052697460252,5.164879505869006,43.033936065359185
2024-01-12 21:00:00,-104.76043899761251,-7.838438548890757,8.34383523221111,2.084897001070139,56.93091339877844
2024-01-12 22:00:00,-95.75892547517792,-8.332155690902193,5.818973134483517,4.381581845900273,61.75085763923893
2024-01-12 23:00:00,-92.05841396757712,-9.081639841543126,17.539956634562717,3.4956871888188337,46.22691670933256
2024-01-13 00:00:00,-93.59504066132483,-10.140331422917294,9.483166969130632,5.638349020838361,41.03734707962538
2024-01-13 01:00:00,-98.11349759910297,-13.321921867031982,4.235547035237586,7.680900892046289,71.33554792547761
2024-01-13 02:00:00,-96.04061125178637,-9.140763561734829,16.942893022654822,1.2496550607085108,76.08349495696368
2024-01-13 03:00:00,-97.46500467329416,-9.584624625673777,27.464997587163953,5.230052158294835,64.68287076172693
2024-01-13 04:00:00,-97.94682378472106,-9.456842325609253,14.969645442300534,4.679734408866719,51.27977213847536
2024-01-13 05:00:00,-90.75198951489487,-12.553497151640618,19.19245387225821,6.342680152900932,37.8760141753861
2024-01-13 06:00:00,-93.21492257017476,-12.162113080816525,15.409146792737825,5.426393256475379,37.54333390165152
2024-01-13 07:00:00,-98.46454797630327,-7.8936942933341925,-7.029869612619283,18.244018990981175,0.35608716531637885
2024-01-13 08:00:00,-90.50200062283375,-10.07911030771331,19.595382414938843,4.361892128666764,56.275973313330255
2024-01-13 09:00:00,-93.46350239561696,-8.636998605254751,13.548627279056744,3.407948286393022,71.02397889419645
2024-01-13 10:00:00,-90.93568940580519,-9.943363247739077,16.336961570359513,7.152014277197196,59.75675138804209
2024-01-13 11:00:00,-91.85185579038193,-9.940487721008509,16.608489030980067,5.0426232973438845,27.45379547360273
2024-01-13 12:00:00,-99.14497505461036,-8.123432388048005,11.659547731784755,8.802381371506016,65.77921426584378
2024-01-13 13:00:00,-97.80090520098484,-11.032089456434747,19.960211747682614,4.878678372370758,35.02909059028381
2024-01-13 14:00:00,-91.2635319743837,-9.807758446118033,14.125201216522957,3.5831864661790744,44.24043092071473
2024-01-13 15:00:00,-91.94814867283267,-10.924550577410084,11.221274202535776,1.9725712147743457,53.75300309377542
2024-01-13 16:00:00,-95.10450796982074,-10.868992454864632,17.682549217852017,1.3937206474881099,79.93501234675946
2024-01-13 17:00:00,-94.41336308345609,-10.618344246937278,10.507660091044814,1.8317281139890205,96.64877834008041
2024-01-13 18:00:00,-88.61167552105788,-9.555732456732574,15.140905786845641,5.534253302022967,59.10084588704274
2024-01-13 19:00:00,-97.95785694417916,-10.957497243326955,14.954405016778983,6.017450046459867,47.25205071919418
2024-01-13 20:00:00,-92.2645130941498,-7.488487748852958,20.42947782915789,1.8376185959357332,58.01758472720825
2024-01-13 21:00:00,-96.01096326216947,-11.789214604439008,17.373491164399763,6.790076628152231,63.31483138810754
2024-01-13 22:00:00,-96.0884060161361,-10.373743288322718,14.874865206274281,4.033877896633121,45.189985616642126
2024-01-13 23:00:00,-89.50611574006405,-10.87946211654835,19.088831496001436,5.293586023971098,76.92817033868484
2024-01-14 00:00:00,-90.87291825505986,-7.106044231292534,21.951037745086566,8.224441256510849,53.45106138787103
2024-01-14 01:00:00,-90.93245181999681,-9.60689044697685,17.789051531759313,6.793678631731064,57.46614633637091
2024-01-14 02:00:00,-88.47260596422835,-7.936310921062731,15.051763099216902,4.4629387041883355,59.98886378081692
2024-01-14 03:00:00,-94.8949807918362,-12.971120746073943,-5.758808997971684,15.538373049057768,6.611780457095652
2024-01-14 04:00:00,-91.59023514352518,-9.465899468261483,9.674431684623137,0.6963691973413901,62.58410750704418
2024-01-14 05:00:00,-96.55133378296728,-8.220738408753126,13.473876478226662,3.56169336151516,40.741202201796156
2024-01-14 06:00:00,-93.37916823755779,-9.83543202144915,11.952438989203584,4.577739522344611,41.62547369080954
2024-01-14 07:00:00,-95.65071527183842,-7.869039249869298,14.06514348507277,3.0256409456976323,33.497686505424575
2024-01-14 08:00:00,-94.51502017503641,-11.034576900200744,15.283249624485535,4.737486065815391,56.59251845930339
2024-01-14 09:00:00,-92.02421487281543,-7.18130511962884,-6.160287303005552,23.303616972318743,7.258947178687892
2024-01-14 10:00:00,-99.09110341616736,-5.4022037527614994,14.647506109704544,4.550288036383843,56.866592992278285
2024-01-14 11:00:00,-84.5380636215727,-10.725677120879318,17.43250821913101,3.6999948383530805,75.11738650021306
2024-01-14 12:00:00,-100.03008690749851,-10.891005042801543,15.322372074050602,5.337309343933455,49.9160597175643
2024-01-14 13:00:00,-101.07094306393866,-7.093231045764599,5.1226671682306435,5.883881299138818,60.03112483388769
2024-01-14 14:00:00,-89.20944563249967,-6.840855708538575,10.303323030906228,2.819201845114308,33.624486857910284
2024-01-14 15:00:00,-91.04168653018532,-11.045720054306537,14.279562221391922,7.82186475949254,44.193504462883986
2024-01-14 16:00:00,-91.87940091473922,-10.840373634191714,8.951526285794461,4.802823735431477,60.43306636348666
2024-01-14 17:00:00,-91.8582724536786,-10.563569217721014,17.999643649981024,5.037699245889695,62.73653166114716
2024-01-14 18:00:00,-95.06123386423457,-12.688901022068555,22.65375416171849,6.4164288465131145,45.59049578503726
2024-01-14 19:00:00,-99.48627185742916,-11.837303892968396,21.093809258486584,5.466432262527003,48.926011222129
2024-01-14 20:00:00,-94.62097720903137,-12.008281533504135,13.932785645348961,6.90627326782649,27.23189379978786
2024-01-14 21:00:00,-98.38580855756055,-11.535595130208257,22.45363068424976,5.574248330403648,44.64456198790086
2024-01-14 22:00:00,-90.12440133291125,-10.069369774773563,15.743337286010558,3.775125250719124,63.35574745279679
2024-01-14 23:00:00,-95.7352869075107,-9.531570534926958,13.314570144409803,5.723007050412203,58.628075241598495
2024-01-15 00:00:00,-99.12748598396256,-6.898999014371846,11.9329866822953,2.7125475853586765,57.50998582071814
2024-01-15 01:00:00,-96.60692920826497,-11.996708081477582,13.487651567559357,5.217119411553046,50.746605307714404
2024-01-15 02:00:00,-92.93534272862188,-8.031355203046832,13.059115907293856,4.933540018711079,50.105947379422645
2024-01-15 03:00:00,-97.81862276401988,-10.427977688451017,15.852081111877439,4.583766285454921,40.09518290789829
2024-01-15 04:00:00,-99.11110197783216,-10.098927419304866,15.802869905249324,4.742924977122138,60.482426303038025
2024-01-15 05:00:00,-93.78156394254044,-8.650361015666792,15.015230100767072,1.2363019090047218,56.314594165840845
2024-01-15 06:00:00,-93.77516714445639,-12.245444043124596,17.184690848731748,3.902550184518077,57.38028271989199
2024-01-15 07:00:00,-97.53471587685564,-9.235180507631899,20.953231373931708,5.185689802282229,42.10947735998629
2024-01-15 08:00:00,-97.35519152809161,-9.667095583573888,19.747770677206617,5.319712783994801,17.699856201931333
2024-01-15 09:00:00,-93.83975031321182,-9.015097471983701,7.575510157750482,2.9446497181480837,66.45729067630543
2024-01-15 10:00:00,-102.24042170748662,-9.421662712184364,2.2303943254902254,7.531415681729401,42.81743815987394
2024-01-15 11:00:00,-102.03731887188277,-5.0893997201782115,19.67159955619637,3.2676503035709983,37.058363539353195
2024-01-15 12:00:00,-98.59222110626217,-11.275479968502632,8.165606507922895,6.938914401053474,60.4021836787099
2024-01-15 13:00:00,-96.06723575855924,-11.061993910003636,13.876172990536583,5.854388723743369,44.11981040121306
2024-01-15 14:00:00,-93.44546217200998,-11.246281052849529,9.149434869703203,3.7075453803123937,65.89904576069932
2024-01-15 15:00:00,-87.62321891525224,-11.11095423832051,5.990097812099901,8.550621785219024,59.25508924365046
2024-01-15 16:00:00,-90.7117018839899,-11.274774254613035,17.70731364102394,2.61272633648704,60.253539848007165
2024-01-15 17:00:00,-95.79969264981713,-7.621966937784896,18.795775801513233,6.8383083472200035,29.510664331991986
2024-01-15 18:00:00,-95.09508103951345,-7.158991504020291,12.117447996366403,7.0011646360859565,68.179159780796
2024-01-15 19:00:00,-100.01264682318904,-11.141492587498952,-2.2959430476385703,22.209930031975155,4.850511663699667
2024-01-15 20:00:00,-95.09256567996195,-11.664711146208457,12.268777758737587,7.784930600128657,44.460842911306955
2024-01-15 21:00:00,-96.4432931946007,-9.057168887227192,16.959020027012734,4.499906970802094,52.15082701013377
2024-01-15 22:00:00,-93.38640719830956,-11.104446088561943,7.605442156129357,5.577387258559714,23.3564715065252
2024-01-15 23:00:00,-99.13615471776161,-8.734136364488979,15.916799598895778,5.5206436775424415,56.12979217221006
2024-01-16 00:00:00,-92.40326742879414,-9.594153958297401,14.923450754135022,4.731382517058904,34.559427377268925
2024-01-16 01:00:00,-87.33630543498711,-13.031488229994464,17.896457498005443,6.621616546319564,29.709945712346983
2024-01-16 02:00:00,-95.54380074228429,-6.904989597339877,15.597901842070765,6.586977441104426,27.164612206731633
2024-01-16 03:00:00,-92.9914413895053,-6.408244653808957,-6.693292497732724,17.33843867035105,1.0714149555287737
2024-01-16 04:00:00,-91.54928004144443,-11.225577380968772,20.982857508322457,7.608680485756305,40.561049094608165
2024-01-16 05:00:00,-97.00610235942918,-10.775403119871969,14.20735213486515,1.6750160239286513,73.00591564874749
2024-01-16 06:00:00,-93.87953759094792,-9.42826921855019,14.86347730245034,7.065092408683315,41.96297805421553
2024-01-16 07:00:00,-94.93703799609102,-9.331086420025951,10.33366020463402,7.253410273655167,24.3896306361058
2024-01-16 08:00:00,-94.51161950725584,-8.68291145465434,12.783588744042449,2.8180671395696035,33.25213340077011
2024-01-16 09:00:00,-98.86504891927733,-5.979590922467301,10.575986429865495,4.17837142409083,68.53717430010408
2024-01-16 10:00:00,-94.87744912870528,-10.3538944549881,14.135269700382885,2.7885906630281285,47.66152733094999
2024-01-16 11:00:00,-92.51000854377276,-11.596594489076907,23.558542400711715,4.570157939422529,41.77569055264099
2024-01-16 12:00:00,-87.7442819610248,-12.758638456029054,8.140494285343218,4.383931431628517,52.40027338779181
2024-01-16 13:00:00,-90.20364586957396,-11.461860079883838,6.932193010616295,6.55932106453868,57.52674104251317
2024-01-16 14:00:00,-84.23408771244222,-10.066253945747594,22.355851637468042,7.620617492239217,66.76098223853691
2024-01-16 15:00:00,-98.83673781444024,-6.410884272964425,13.95338161424067,7.791367621579912,71.7274884483939
2024-01-16 16:00:00,-90.63839681639661,-11.035222598072343,11.654636306700418,3.875663946843396,44.60347031316371
2024-01-16 17:00:00,-94.08328997130825,-9.552424096722204,20.19952343698038,4.581556252510945,30.109284708769426
2024-01-16 18:00:00,-84.05098533391164,-10.032845792145505,11.97192230131568,1.6331236155580995,43.79802258315086
2024-01-16 19:00:00,-99.04149142677576,-7.623213453103832,24.130048567734683,3.3882598670076227,53.90420759874329
2024-01-16 20:00:00,-99.19860921090388,-4.946135148252757,18.389629356696346,6.929703266194915,35.54361610684084
2024-01-16 21:00:00,-97.9969632272201,-11.061737545840641,12.560442959271487,8.231165647096464,35.642736276574354
2024-01-16 22:00:00,-105.61947862154904,-10.978878885036444,25.786541066327516,2.531302256240156,55.15681822324828
2024-01-16 23:00:00,-97.6287751084038,-7.9116782458618555,11.971425384983307,3.8150714816942113,49.270214726443236
2024-01-17 00:00:00,-98.79566330776849,-8.636217020747377,18.710476860046533,4.947188486082146,50.4919549311738
2024-01-17 01:00:00,-94.24803106761897,-6.306585348527933,16.49646290203246,5.560322317639214,38.62256997949896
2024-01-17 02:00:00,-93.29122012111421,-8.832143629348073,21.50870644699399,3.3807929601567075,46.54398928691349
2024-01-17 03:00:00,-85.61914580392057,-10.71858418157412,22.807555983634263,5.8481220889281795,36.136502835975435
2024-01-17 04:00:00,-90.24788080906976,-8.818690338615381,15.160020745328833,4.052321305858168,63.3529761668718
2024-01-17 05:00:00,-97.88451827831202,-7.7825928388341845,11.232910648269083,4.9710954582434415,65.52874002085629
2024-01-17 06:00:00,-99.49207335674178,-8.359035637605272,17.299860714695583,6.092568496007399,22.30718206642859
2024-01-17 07:00:00,-92.54040414246747,-8.985451937785404,11.61142315123947,5.0128445396218755,36.05733709711385
2024-01-17 08:00:00,-101.6011660351032,-7.866650620821693,25.066936237633115,4.127228218946863,27.552061173648813
2024-01-17 09:00:00,-85.84270617072823,-7.6614088191086545,15.682676655413687,4.780780392148339,40.249640983896526
2024-01-17 10:00:00,-89.10279939639356,-7.235682017924946,13.173392243439457,4.82327408158933,48.748430453144586
2024-01-17 11:00:00,-97.34587826052352,-8.702580224820714,15.923401529324542,4.2599779402357445,28.25532170452205
2024-01-17 12:00:00,-103.56567264545438,-10.334236160633708,8.264368552351517,4.482407874665795,36.1721028031203
2024-01-17 13:00:00,-88.23063812917293,-9.706572627133355,10.141929807446743,8.197294341009433,34.94063941877752
2024-01-17 14:00:00,-95.57269922626308,-7.586982066983286,21.00206953972213,6.121838895882478,53.10900994098416
2024-01-17 15:00:00,-88.8109184401327,-11.633871341974473,11.715528605143021,4.409039363941679,51.04016505554375
2024-01-17 16:00:00,-102.97213829397184,-9.262653382254198,9.7654450865903,6.393908809021472,39.1739366999412
2024-01-17 17:00:00,-97.99687511476887,-10.786677624654722,17.68326376263643,4.33236102048798,52.65231308209097
2024-01-17 18:00:00,-94.97378150140908,-9.942510354130365,20.928520773314986,7.346249275173283,41.79979873119102
2024-01-17 19:00:00,-94.7650970311763,-7.443096274785402,18.594766553325336,5.739284384396187,45.9251733451092
2024-01-17 20:00:00,-97.25032735739622,-9.617801863960194,19.980238429029082,4.7853957119915425,75.10178135447805
2024-01-17 21:00:00,-91.88575033826251,-9.907126903687702,11.216024557152696,5.895433851620555,70.10691577685522
2024-01-17 22:00:00,-100.33810214691297,-12.719712281959838,7.890946666290781,1.8582476958630014,30.506281446086035
2024-01-17 23:00:00,-95.71189742510647,-8.507492867945558,22.506668259777435,2.7464650621803894,62.44598626818762
2024-01-18 00:00:00,-94.39852184144051,-8.70903163771785,13.386600805789321,2.612149987201889,62.170948317373885
2024-01-18 01:00:00,-92.42780582970626,-5.67349055338908,13.745834917724764,5.285886189527414,32.776050668710724
2024-01-18 02:00:00,-91.44192560955555,-10.615556469906002,21.640970709245288,8.465029998970184,62.28166465632291
2024-01-18 03:00:00,-100.62321045918935,-9.561699344672123,17.7811500470033,9.462600292385265,73.06897877618829
2024-01-18 04:00:00,-102.67057085367811,-9.501232632578489,17.27943886040804,6.276102202881514,33.16182790633379
2024-01-18 05:00:00,-88.61161589050745,-6.845093440473051,25.82501172450542,6.001688949888914,36.237457684786044
2024-01-18 06:00:00,-93.33842994010205,-10.190591064773905,11.782408848099285,1.397884531694522,65.26492200265254
2024-01-18 07:00:00,-98.74243268278276,-9.441956948459321,19.639200640406187,3.9146524005319563,54.07242966238472
2024-01-18 08:00:00,-87.24424012238738,-8.784206980566921,15.285065624485423,3.424432496183522,58.27214412859285
2024-01-18 09:00:00,-94.42162682853571,-9.626781753687284,16.342961394316283,3.7583048034977677,55.10883824600745
2024-01-18 10:00:00,-89.10351407968086,-10.892867229101057,22.64234213206266,4.663712362830421,55.86043881392216
2024-01-18 11:00:00,-94.66240759294945,-9.611820014203385,17.53917878144812,4.055818844605746,30.102918075333754
2024-01-18 12:00:00,-84.69626037559007,-7.8527365002804554,17.691480395248163,1.0414003792484245,65.70976559932173
2024-01-18 13:00:00,-86.22329578778398,-12.05303059882212,20.36253668654901,6.495820512235068,67.54384988641661
2024-01-18 14:00:00,-96.24482074239536,-9.734060651706248,13.175236352285573,2.854513948520387,46.559138838979585
2024-01-18 15:00:00,-90.14214524522822,-11.400241629878346,10.803951663304968,5.478493728222299,49.34784575279206
2024-01-18 16:00:00,-91.77312025207426,-7.609906742150315,9.775954029894832,9.148165339499947,27.03338746166417
2024-01-18 17:00:00,-88.15684221233826,-13.04637380956755,5.1682170531199905,3.1612308168271532,57.71382134026752
2024-01-18 18:00:00,-99.82461730290052,-11.117843694543177,25.28103564970161,0.06057504549265946,58.58086162571216
2024-01-18 19:00:00,-91.56974270000781,-9.245576249870957,9.483958171391585,4.427991556239778,49.067134745010335
2024-01-18 20:00:00,-89.70787756575206,-6.86895194153132,13.89373188207114,7.201919269997142,66.86530039805754
2024-01-18 21:00:00,-103.79369743211558,-10.131500522145975,13.615933500555396,8.916694908441187,44.98884153530089
2024-01-18 22:00:00,-100.91629256332888,-11.110399053386397,16.537033489045506,2.5409008110951663,58.469088888404
2024-01-18 23:00:00,-105.1961608888005,-6.23768586111882,19.078686062696484,5.993398446473043,34.705034919618264
2024-01-19 00:00:00,-96.34703417222279,-12.896027800832488,19.302367441798726,4.069379086439893,49.64671773688643
2024-01-19 01:00:00,-91.41228872102019,-14.397611913240164,12.084612807155308,4.788103291391729,47.384686131457464
2024-01-19 02:00:00,-87.48821473951986,-9.119971099893336,-4.527164275280135,21.901907241081556,2.062153072659613
2024-01-19 03:00:00,-94.62952609790112,-11.004108448705223,16.412899752441497,1.9940593432096936,44.45709606749962
2024-01-19 04:00:00,-86.85692227214354,-12.042465634261426,13.756544369082265,5.5074793229891466,48.027911064924986
2024-01-19 05:00:00,-101.90050729107446,-8.583287105401293,23.036727880099964,5.935386343530866,62.3907075716226
2024-01-19 06:00:00,-103.51691219677578,-9.512398572457602,17.454874758191256,7.171572649878694,43.44853644142674
2024-01-19 07:00:00,-95.27773849448309,-11.128157261473456,18.674388930249087,5.1959663069417905,25.90134348891981
2024-01-19 08:00:00,-93.07967275530346,-12.56060879734179,18.314406343337062,5.616101079008205,76.24375856308131
2024-01-19 09:00:00,-95.16347374047047,-8.25508534343971,20.867369287426627,4.216702865156417,70.72181118035729
2024-01-19 10:00:00,-105.33721050019938,-8.699597644082678,15.905107793518535,5.538253882490214,30.616059573415722
2024-01-19 11:00:00,-95.44560019756395,-10.198351727558766,8.515840260220767,4.313615449005179,60.34561707867792
2024-01-19 12:00:00,-101.52234750252427,-6.306726007904668,16.998439758763208,6.243143779712102,42.455378441729856
2024-01-19 13:00:00,-91.6516372558498,-12.140169532652305,11.743215531040855,4.260779327912732,53.952308229965894
2024-01-19 14:00:00,-93.16700876951576,-13.051050341849479,12.356916591251217,5.754200787804373,54.4133619352024
2024-01-19 15:00:00,-99.69939893163678,-11.383816139762489,17.931820093775467,4.941474372630044,46.48388299525517
2024-01-19 16:00:00,-97.56933458668347,-10.091172032710995,21.19141535716818,7.252100501544336,38.24351501620406
2024-01-19 17:00:00,-100.29606760944476,-9.513321101354617,15.106357883680309,4.897212552823028,39.64188421525611
2024-01-19 18:00:00,-95.31339548636586,-10.48247211571266,16.544165062994818,1.4539350635862371,36.257121267781365
2024-01-19 19:00:00,-90.22428839749381,-9.295889206971406,23.51107472317619,7.523843001427983,37.522666876543326
2024-01-19 20:00:00,-99.92863023167772,-12.503078848380888,16.203765897442842,3.1885353982747624,48.99232564925967
2024-01-19 21:00:00,-92.47976742241077,-7.112470791853481,28.008415570901974,3.6924673227023606,39.26360016333872
2024-01-19 22:00:00,-97.6512880918622,-10.164302356785138,17.82754822815772,3.808677411913016,60.2307809856893
2024-01-19 23:00:00,-98.96436416131172,-7.765408336823745,6.196186204220911,7.748876186341635,72.30869233003891
2024-01-20 00:00:00,-95.53515179977279,-9.314549307244592,18.766708105522664,0.728651572042609,41.29920137944936
2024-01-20 01:00:00,-100.17621161209686,-9.086493561692432,16.90579192441389,11.275497067319987,53.591067508030655
2024-01-20 02:00:00,-97.76824652673591,-8.860465439535592,21.448763770413727,7.112113618132104,57.49527665454401
2024-01-20 03:00:00,-100.98938946294425,-9.10458287996537,18.36590675634979,5.4464778282583195,57.080034063789114
2024-01-20 04:00:00,-85.17637433541805,-8.714554480264912,14.30772008008113,4.890211998767427,51.139329018741314
2024-01-20 05:00:00,-94.82368224014135,-7.341694939735137,8.878508818553172,5.571108149715314,61.140236275395836
2024-01-20 06:00:00,-98.49862753996292,-9.60695766059706,13.954883713569874,6.042244856758677,57.23373429020986
2024-01-20 07:00:00,-93.9301004463289,-8.581992484822976,10.7473977289535,6.290431171900114,31.43506366509053
2024-01-20 08:00:00,-95.56164024845415,-10.179471388574454,12.097382750976386,6.111208932006897,63.0373409658391
2024-01-20 09:00:00,-96.10484799766611,-7.119765569101054,17.94289202210305,5.179161362510498,63.30936255900113
2024-01-20 10:00:00,-91.92916649978288,-11.35278460411854,23.34952252175703,4.605323159385348,38.550708437321276
2024-01-20 11:00:00,-91.21246144976348,-6.398119134178369,16.973357649114906,4.697453432692977,50.56906753171403
2024-01-20 12:00:00,-97.65250573805264,-10.080315901288687,9.020584689824078,4.610183439294638,60.24993489216604
2024-01-20 13:00:00,-97.8790912032234,-12.861550204236096,17.223013341100703,7.2675401937341295,46.86029270630958
2024-01-20 14:00:00,-96.37525848575822,-9.743791170178422,20.983157433228257,6.1871134445617235,66.09467071649019
2024-01-20 15:00:00,-106.50960582367793,-11.362103314949762,-8.836199201007584,15.456748521292809,4.0012314028172575
2024-01-20 16:00:00,-102.57595531099275,-8.318712902022552,14.329914166635412,6.311801553059522,38.210209510475266
2024-01-20 17:00:00,-88.16562866277738,-11.305247958604781,15.073440973645985,5.389472389437549,29.284330952693377
2024-01-20 18:00:00,-86.77516143249358,-10.89236686642956,11.0755084345888,4.962582487108206,54.55727893407314
2024-01-20 19:00:00,-96.24518019778189,-13.779081461891062,-4.335869501671187,22.0104412910147,7.447706397147456
2024-01-20 20:00:00,-92.11721518472118,-10.904612638498154,14.395259256961092,7.2482254399720265,46.53700439232846
2024-01-20 21:00:00,-93.44374922728232,-14.847758653257912,-2.261490405156248,9.516621507151022,6.36338137980761
2024-01-20 22:00:00,-79.6055959577238,-13.167805646971447,10.5625391109895,3.4542446643527818,29.920913004151267
2024-01-20 23:00:00,-89.40212544282711,-8.479170687711406,12.812708498382948,5.81410457424907,60.393779345474165
2024-01-21 00:00:00,-95.63958795740383,-8.428399682698336,18.611906789138857,3.0566865309174283,40.9120876886166
2024-01-21 01:00:00,-99.77770220300212,-9.14908487643007,13.135834239541165,2.240763670422139,75.79066859310944
2024-01-21 02:00:00,-103.03223160128786,-11.933952286258426,23.634819256167027,3.74656555082007,79.88773029752177
2024-01-21 03:00:00,-93.98268182066388,-10.095422712283959,13.001819071926988,6.724786944765517,38.500151183249784
2024-01-21 04:00:00,-98.78175372642151,-10.007205078181137,16.12342362875943,6.906250090752174,41.7566429613713
2024-01-21 05:00:00,-102.11126854798837,-12.316729378385086,19.662954159365448,6.026170840194586,62.89381830469703
2024-01-21 06:00:00,-98.23286442121264,-6.993203396465699,7.908171335334842,6.450191573695994,44.19304025315728
2024-01-21 07:00:00,-100.40774001807198,-8.245275418848657,6.19595594009612,6.032356574229917,49.318831731016424
2024-01-21 08:00:00,-86.56429182463718,-10.441928347659328,7.371718427149526,3.7170368095540955,50.38082630813615
2024-01-21 09:00:00,-90.59180121525274,-9.946228322010938,21.31292051713591,5.8638450893478815,21.204902657035156
2024-01-21 10:00:00,-95.03986320658309,-9.583234384104895,12.240709270537767,6.600819050455365,49.79243380858644
2024-01-21 11:00:00,-87.60027930554988,-14.083469736848581,27.79099642834126,6.508582659627148,39.654083389037396
2024-01-21 12:00:00,-94.61315846176191,-10.494354765041194,12.178762006713058,7.377826742949286,42.60315766400342
2024-01-21 13:00:00,-99.30642100664132,-11.363968495995596,15.922756515985185,6.416607694402128,71.65448005203221
2024-01-21 14:00:00,-87.38437961365172,-12.003240019789832,22.710549762839378,5.702896415083166,31.152396585811154
2024-01-21 15:00:00,-92.30544978157671,-10.56220058577191,25.030464440795615,7.140300476632855,62.19807780121966
2024-01-21 16:00:00,-100.18623077163228,-6.404626946300954,25.307517883181987,4.9469574815018795,45.81555604502287
2024-01-21 17:00:00,-95.95169339041804,-8.71831427746598,21.041831152965713,3.2362506975445644,45.80359747256249
2024-01-21 18:00:00,-99.37809126692379,-11.142357979565594,20.120312629057313,4.673866072112472,61.85557844077567
2024-01-21 19:00:00,-101.91399865482168,-8.854834437287682,17.962634746005914,3.510194710387102,55.10076941853336
